Date,Currency,Open,High,Low,Close,Volume BTC,Volume USD
2018-07-01,BTC,6389.01,6430.01,6254.23,6345.53,1839.49,11680577.5
2018-07-02,BTC,6345.53,6673.9,6267.68,6615.13,4595.13,29812470.48
2018-07-03,BTC,6615.13,6669.47,6463.17,6508.36,4316.24,28405008.22
2018-07-04,BTC,6508.36,6794.53,6313.27,6583.72,4430.9,28979165.74
2018-07-05,BTC,6583.72,6700.0,6446.68,6529.47,5533.27,36422647.86
2018-07-06,BTC,6529.47,6641.09,6451.31,6582.51,3417.14,22353665.84
2018-07-07,BTC,6587.45,6848.84,6510.17,6754.14,2417.43,16003935.02
2018-07-08,BTC,6754.14,6782.95,6669.0,6700.88,1966.12,13243386.64
2018-07-09,BTC,6700.88,6798.97,6620.0,6666.0,2748.76,18417559.21
2018-07-10,BTC,6666.0,6683.68,6262.94,6299.0,5598.94,36155373.0
2018-07-11,BTC,6299.0,6400.0,6287.54,6380.0,3416.38,21678518.88
2018-07-12,BTC,6380.0,6380.0,6075.0,6249.75,3131.49,19414473.3
2018-07-13,BTC,6249.75,6331.16,6128.32,6203.79,1035.7,6450862.83
2018-07-14,BTC,6210.0,6321.58,6185.19,6250.02,488.73,3044549.28
2018-07-15,BTC,6250.02,6382.7,6233.14,6347.99,904.84,5720351.74
2018-07-16,BTC,6347.99,6747.65,6334.47,6729.22,2858.41,18800372.19
2018-07-17,BTC,6729.22,7464.98,6657.66,7322.78,4768.21,33441709.84
2018-07-18,BTC,7322.78,7584.03,7241.19,7378.55,4611.27,34177313.64
2018-07-19,BTC,7378.55,7557.28,7285.37,7466.58,3843.11,28493456.82
2018-07-20,BTC,7466.58,7676.31,7272.01,7334.8,2991.94,22225290.03
2018-07-21,BTC,7334.8,7459.81,7214.96,7408.79,584.52,4295046.32
2018-07-22,BTC,7408.79,7567.8,7333.98,7400.37,734.34,5481433.27
2018-07-23,BTC,7400.37,7810.0,7378.89,7713.62,3363.31,25863287.55
2018-07-24,BTC,7713.62,8480.0,7700.0,8400.73,4541.37,36903770.08
2018-07-25,BTC,8400.73,8480.0,8039.99,8160.0,3815.41,31429136.47
2018-07-26,BTC,8160.0,8290.0,7843.05,7926.36,3460.55,28220038.28
2018-07-27,BTC,7926.36,8269.62,7795.0,8192.21,3763.01,30210292.58
2018-07-28,BTC,8192.21,8234.98,8055.67,8234.98,895.24,7297971.06
2018-07-29,BTC,8234.98,8280.0,8120.34,8216.06,492.38,4043646.83
2018-07-30,BTC,8216.06,8274.97,7849.54,8166.86,2951.63,23894009.03
2018-07-31,BTC,8166.86,8184.07,7640.33,7725.05,3512.21,27587934.27
2018-08-01,BTC,7725.05,7751.28,7431.0,7602.14,2227.75,16850557.85
2018-08-02,BTC,7602.14,7706.7,7456.52,7536.0,1663.16,12612346.77
2018-08-03,BTC,7536.0,7536.01,7291.5,7413.7,2439.32,18031782.32
2018-08-04,BTC,7413.7,7485.0,6930.37,7014.55,1463.33,10421504.07
2018-08-05,BTC,7014.55,7084.95,6891.0,7032.06,779.95,5441639.14
2018-08-06,BTC,7032.06,7184.0,6835.0,6931.59,1789.55,12437634.3
2018-08-07,BTC,6931.59,7148.53,6670.5,6720.18,2389.89,16594592.98
2018-08-08,BTC,6720.18,6720.18,6104.82,6274.5,5724.47,36488150.19
2018-08-09,BTC,6274.5,6626.62,6195.01,6540.47,3450.8,22107421.86
2018-08-10,BTC,6540.47,6588.97,6010.5,6109.19,3362.86,21227385.62
2018-08-11,BTC,6109.19,6208.0,6013.61,6091.87,1536.17,9395605.1
2018-08-12,BTC,6091.87,6091.87,6091.87,6091.87,0.0,0.0
2018-08-13,BTC,6318.21,6546.29,6150.0,6257.31,3190.8,20164785.38
2018-08-14,BTC,6257.31,6262.44,5886.0,6196.17,6264.38,37887453.74
2018-08-15,BTC,6196.17,6623.09,6187.68,6269.74,4706.48,30064668.33
2018-08-16,BTC,6269.74,6475.0,6210.04,6313.83,2781.29,17717210.19
2018-08-17,BTC,6313.83,6580.76,6292.36,6580.76,3322.57,21597295.71
2018-08-18,BTC,6580.76,6619.79,6300.0,6389.99,1429.1,9173905.74
2018-08-19,BTC,6389.99,6552.23,6317.73,6491.5,1082.46,6946616.32
2018-08-20,BTC,6491.5,6524.06,6232.21,6258.36,2762.95,17630966.04
2018-08-21,BTC,6258.36,6493.0,6250.0,6476.53,2000.23,12790616.86
2018-08-22,BTC,6476.53,6900.0,6251.0,6350.0,6588.74,43169169.56
2018-08-23,BTC,6350.0,6570.85,6347.73,6524.17,2942.35,18946723.4
2018-08-24,BTC,6524.17,6728.46,6450.01,6692.0,3411.43,22349075.27
2018-08-25,BTC,6692.0,6788.88,6669.7,6730.95,1059.24,7125580.14
2018-08-26,BTC,6730.95,6767.99,6571.0,6706.31,1000.44,6671216.97
2018-08-27,BTC,6706.31,6938.83,6653.82,6909.0,3657.28,24664842.06
2018-08-28,BTC,6909.0,7125.0,6866.78,7075.1,4428.12,30915953.49
2018-08-29,BTC,7075.1,7119.5,6908.92,7033.83,2348.48,16503702.04
2018-08-30,BTC,7033.83,7049.99,6795.7,6977.96,3543.52,24538442.17
2018-08-31,BTC,6977.96,7088.22,6880.0,7017.1,2720.96,19008922.93
2018-09-01,BTC,7017.1,7250.0,7015.67,7196.18,1103.66,7876737.74
2018-09-02,BTC,7196.18,7330.99,7129.56,7284.57,1235.67,8959013.07
2018-09-03,BTC,7284.57,7325.0,7170.7,7252.41,1467.12,10628270.59
2018-09-04,BTC,7252.41,7409.27,7215.02,7354.92,3439.11,25204320.74
2018-09-05,BTC,7354.92,7380.53,6666.0,6688.01,4301.94,30317410.93
2018-09-06,BTC,6688.01,6702.32,6226.0,6496.37,6273.81,40196776.04
2018-09-07,BTC,6496.37,6529.99,6320.71,6395.85,2780.75,17953667.11
2018-09-08,BTC,6395.85,6460.68,6120.0,6185.27,2021.71,12766962.34
2018-09-09,BTC,6185.27,6463.07,6140.01,6243.21,2087.96,13045123.78
2018-09-10,BTC,6243.21,6371.76,6226.31,6300.0,2051.67,12900274.47
2018-09-11,BTC,6300.0,6418.71,6165.44,6278.84,2499.03,15677856.22
2018-09-12,BTC,6278.84,6347.51,6200.0,6324.13,2192.45,13747156.98
2018-09-13,BTC,6324.13,6529.99,6324.13,6485.0,2332.92,15062740.99
2018-09-14,BTC,6485.0,6581.04,6389.25,6523.38,2780.46,18059077.25
2018-09-15,BTC,6523.38,6566.47,6469.0,6530.08,592.16,3863105.58
2018-09-16,BTC,6530.08,6530.08,6357.9,6498.37,524.89,3391634.83
2018-09-17,BTC,6498.37,6529.99,6209.01,6251.56,2736.92,17367416.75
2018-09-18,BTC,6251.56,6384.29,6230.5,6339.92,2240.75,14136811.69
2018-09-19,BTC,6339.92,6518.24,6107.74,6383.42,3692.98,23432546.42
2018-09-20,BTC,6383.42,6535.89,6338.65,6495.87,2325.95,14938946.07
2018-09-21,BTC,6495.87,6778.0,6492.41,6759.51,3401.61,22646336.0
2018-09-22,BTC,6759.51,6818.23,6630.0,6710.26,884.13,5939670.74
2018-09-23,BTC,6710.26,6764.72,6666.67,6702.64,347.68,2331141.5
2018-09-24,BTC,6702.64,6717.4,6559.59,6577.78,1730.32,11458102.51
2018-09-25,BTC,6577.78,6577.78,6329.17,6433.42,2183.87,13992766.14
2018-09-26,BTC,6433.42,6536.33,6381.46,6455.44,2248.64,14561887.86
2018-09-27,BTC,6455.44,6732.99,6425.84,6682.87,2694.75,17583905.36
2018-09-28,BTC,6682.87,6793.49,6532.29,6621.37,3004.98,20012691.15
2018-09-29,BTC,6621.37,6621.37,6457.1,6580.22,468.32,3066670.09
2018-09-30,BTC,6580.22,6644.01,6525.0,6597.94,882.41,5805561.01
2018-10-01,BTC,6597.94,6639.05,6482.05,6573.94,2334.63,15347203.02
2018-10-02,BTC,6573.94,6594.98,6450.0,6498.88,1466.65,9571476.68
2018-10-03,BTC,6498.88,6509.99,6396.39,6465.97,2333.15,15039703.99
2018-10-04,BTC,6465.97,6600.0,6455.91,6549.03,1855.23,12140773.27
2018-10-05,BTC,6549.03,6638.0,6515.0,6581.37,1408.07,9228572.04
2018-10-06,BTC,6581.37,6585.07,6530.34,6545.49,304.56,1996060.68
2018-10-07,BTC,6545.49,6589.98,6499.01,6573.17,405.53,2651882.18
2018-10-08,BTC,6573.17,6655.0,6538.14,6600.0,2290.23,15072266.28
2018-10-09,BTC,6600.0,6616.33,6546.0,6593.48,1882.22,12384852.28
2018-10-10,BTC,6593.48,6593.48,6450.0,6529.75,2347.72,15290847.01
2018-10-11,BTC,6529.75,6529.75,6026.09,6153.83,5275.98,32640762.34
2018-10-12,BTC,6153.83,6250.53,6112.01,6202.22,3599.22,22317379.45
2018-10-13,BTC,6202.22,6245.97,6180.27,6195.0,1184.85,7347064.2
2018-10-14,BTC,6195.0,6295.08,6149.88,6181.54,1474.45,9171189.96
2018-10-15,BTC,6181.54,6769.0,6152.0,6437.66,9758.49,62768419.83
2018-10-16,BTC,6437.66,6437.66,6428.43,6428.43,0.0,0.0
2018-10-17,BTC,6456.48,6459.94,6406.98,6439.0,2016.5,12973503.26
2018-10-18,BTC,6439.0,6487.77,6350.92,6391.01,4634.73,29754186.97
2018-10-19,BTC,6391.01,6410.02,6342.01,6386.29,3112.21,19844576.63
2018-10-20,BTC,6386.29,6421.68,6380.5,6413.23,990.61,6339399.49
2018-10-21,BTC,6413.23,6463.98,6404.99,6412.64,376.58,2422470.08
2018-10-22,BTC,6412.64,6426.24,6371.09,6407.43,2726.16,17445680.98
2018-10-23,BTC,6407.43,6418.0,6350.1,6395.25,3789.09,24199297.47
2018-10-24,BTC,6395.25,6465.68,6390.07,6412.0,3456.56,22209236.2
2018-10-25,BTC,6412.0,6423.5,6358.82,6389.7,2762.27,17653569.56
2018-10-26,BTC,6389.7,6450.0,6375.0,6401.09,3051.51,19516832.01
2018-10-27,BTC,6401.09,6425.0,6388.06,6410.01,403.56,2585971.38
2018-10-28,BTC,6410.01,6418.97,6387.64,6404.8,524.58,3358643.38
2018-10-29,BTC,6404.8,6414.12,6200.0,6263.67,3579.87,22638531.78
2018-10-30,BTC,6263.67,6287.56,6238.94,6270.43,3173.1,19863024.66
2018-10-31,BTC,6270.43,6346.94,6200.0,6305.58,3135.77,19664002.57
2018-11-01,BTC,6305.58,6359.29,6281.91,6344.3,2794.72,17624049.3
2018-11-02,BTC,6344.3,6380.0,6330.0,6350.98,1759.45,11173910.23
2018-11-03,BTC,6350.98,6350.98,6318.11,6332.46,349.08,2210908.61
2018-11-04,BTC,6332.46,6453.22,6320.01,6425.09,878.53,5612493.02
2018-11-05,BTC,6425.09,6440.41,6368.49,6403.38,3770.22,24138899.68
2018-11-06,BTC,6403.38,6449.0,6384.75,6448.41,3803.09,24360874.97
2018-11-07,BTC,6448.41,6540.0,6445.5,6501.5,3733.8,24275948.68
2018-11-08,BTC,6501.5,6512.0,6393.84,6405.88,3154.78,20332988.05
2018-11-09,BTC,6405.88,6429.68,6312.0,6335.0,1448.62,9225871.44
2018-11-10,BTC,6335.0,6369.99,6332.6,6350.23,323.14,2053866.07
2018-11-11,BTC,6350.23,6364.97,6275.0,6360.98,544.04,3444779.02
2018-11-12,BTC,6360.98,6382.25,6300.0,6326.27,979.2,6210313.26
2018-11-13,BTC,6326.27,6326.4,6250.0,6258.26,1767.61,11111823.05
2018-11-14,BTC,6258.26,6297.66,5290.0,5606.38,13448.08,76375574.91
2018-11-15,BTC,5606.38,5648.04,5200.0,5572.71,7172.66,39157716.06
2018-11-16,BTC,5572.71,5608.35,5412.48,5515.77,4685.64,25905830.17
2018-11-17,BTC,5515.77,5544.33,5455.09,5503.64,1507.33,8267008.21
2018-11-18,BTC,5503.64,5658.15,5503.64,5560.42,1135.33,6306200.43
2018-11-19,BTC,5560.42,5560.42,4673.86,4733.82,11102.58,56455361.6
2018-11-20,BTC,4733.82,4896.54,4044.71,4355.22,18984.56,84500490.08
2018-11-21,BTC,4355.22,4643.54,4242.49,4546.67,9083.87,40286168.95
2018-11-22,BTC,4546.67,4596.33,4237.01,4263.29,4216.2,18785589.94
2018-11-23,BTC,4263.29,4371.16,4086.83,4288.25,7107.55,30015145.2
2018-11-24,BTC,4288.25,4371.46,3650.0,3789.99,5571.47,22547503.47
2018-11-25,BTC,3789.99,4116.92,3473.0,3933.57,10876.16,40871050.96
2018-11-26,BTC,3933.57,4075.96,3518.6,3730.44,11274.68,42165703.44
2018-11-27,BTC,3730.44,3829.26,3565.0,3771.43,8334.53,30864417.41
2018-11-28,BTC,3771.43,4350.0,3771.43,4223.69,9513.85,38997822.81
2018-11-29,BTC,4223.69,4407.45,4085.49,4240.53,8348.46,35371243.85
2018-11-30,BTC,4240.53,4295.09,3851.0,3984.01,5903.72,23881979.38
2018-12-01,BTC,3970.0,4250.0,3911.47,4141.59,2186.23,8987670.14
2018-12-02,BTC,4141.59,4261.6,4037.62,4101.25,2850.67,11776105.77
2018-12-03,BTC,4101.25,4119.39,3750.0,3835.01,5196.99,20247858.81
2018-12-04,BTC,3835.01,4034.99,3730.52,3903.94,4672.7,18173530.7
2018-12-05,BTC,3903.94,3916.74,3667.19,3691.92,4204.35,15906060.83
2018-12-06,BTC,3691.92,3846.62,3420.65,3436.54,8876.44,32235916.36
2018-12-07,BTC,3436.54,3536.36,3209.71,3377.83,10817.8,36284413.01
2018-12-08,BTC,3377.83,3459.0,3254.62,3394.5,2794.31,9395393.95
2018-12-09,BTC,3394.5,3641.28,3373.71,3529.66,3840.51,13431518.82
2018-12-10,BTC,3529.66,3591.53,3357.56,3411.6,4938.81,17059119.16
2018-12-11,BTC,3411.6,3426.68,3295.01,3356.01,3723.42,12516693.03
2018-12-12,BTC,3347.11,3486.0,3325.11,3431.89,5014.93,17088299.34
2018-12-13,BTC,3431.89,3439.52,3225.39,3265.44,5680.04,18959465.39
2018-12-14,BTC,3265.44,3295.5,3136.46,3195.43,5780.14,18625777.39
2018-12-15,BTC,3195.43,3241.0,3126.88,3184.06,3230.04,10250540.92
2018-12-16,BTC,3184.06,3263.05,3175.0,3193.0,1492.48,4802409.1
2018-12-17,BTC,3193.0,3584.99,3183.07,3502.84,7868.65,26979715.65
2018-12-18,BTC,3502.84,3681.1,3432.38,3667.82,6574.25,23159640.05
2018-12-19,BTC,3667.82,3922.6,3644.26,3683.97,11373.33,42682441.11
2018-12-20,BTC,3683.97,4200.0,3663.29,4077.29,11541.31,45775523.25
2018-12-21,BTC,4077.29,4163.66,3773.13,3839.06,9566.39,37997707.72
2018-12-22,BTC,3839.06,4005.0,3790.27,3979.35,2932.5,11322281.55
2018-12-23,BTC,3979.35,4053.04,3910.0,3948.58,2136.18,8481846.46
2018-12-24,BTC,3948.58,4238.33,3945.32,4036.0,6864.28,28360522.43
2018-12-25,BTC,4036.0,4046.24,3680.0,3777.97,5009.32,18935262.68
2018-12-26,BTC,3777.97,3863.82,3688.04,3808.85,3526.11,13314035.13
2018-12-27,BTC,3808.85,3842.27,3567.86,3588.67,6312.37,23410323.09
2018-12-28,BTC,3588.67,3965.23,3576.04,3889.2,4969.81,18630733.0
2018-12-29,BTC,3889.2,3937.21,3700.0,3729.57,3269.94,12638069.83
2018-12-30,BTC,3729.57,3864.93,3691.01,3826.96,2208.48,8371696.84
2018-12-31,BTC,3826.96,3837.91,3621.93,3692.35,4095.78,15282703.12
2019-01-01,BTC,3692.35,3840.85,3577.18,3823.63,3155.16,11667756.02
2019-01-02,BTC,3823.63,3911.99,3763.85,3890.45,3924.91,14998960.25
2019-01-03,BTC,3890.45,3894.17,3760.1,3786.91,4061.88,15562412.03
2019-01-04,BTC,3786.91,3850.3,3732.15,3821.47,2284.54,8642529.67
2019-01-05,BTC,3821.47,3859.5,3780.0,3797.41,1675.11,6408581.55
2019-01-06,BTC,3797.41,4079.04,3756.79,4041.01,2511.72,9969787.14
2019-01-07,BTC,4041.01,4069.96,3968.45,4007.47,3933.14,15810876.36
2019-01-08,BTC,4007.47,4112.12,3950.0,3992.24,4900.54,19684370.31
2019-01-09,BTC,3992.24,4044.82,3964.92,4000.67,3008.22,12062995.27
2019-01-10,BTC,4000.67,4034.61,3566.0,3626.76,6903.93,25909780.72
2019-01-11,BTC,3626.76,3695.0,3577.01,3637.28,3371.77,12260715.27
2019-01-12,BTC,3637.28,3650.0,3561.5,3618.82,1264.18,4580598.24
2019-01-13,BTC,3618.82,3644.54,3484.33,3514.08,2279.28,8111864.88
2019-01-14,BTC,3514.08,3713.16,3506.84,3662.89,2851.17,10353404.07
2019-01-15,BTC,3662.89,3682.59,3541.0,3583.47,3977.73,14425790.25
2019-01-16,BTC,3583.47,3663.58,3571.47,3604.57,4990.66,17998353.02
2019-01-17,BTC,3604.57,3657.79,3545.43,3641.4,2307.73,8325788.11
2019-01-18,BTC,3641.4,3643.69,3577.28,3608.0,1627.9,5884005.16
2019-01-19,BTC,3608.0,3760.0,3608.0,3687.0,2227.89,8268829.89
2019-01-20,BTC,3687.0,3702.09,3474.0,3533.49,2149.91,7639957.2
2019-01-21,BTC,3533.49,3568.78,3487.29,3532.25,1434.75,5070847.23
2019-01-22,BTC,3532.25,3611.63,3423.74,3577.24,2338.86,8284757.87
2019-01-23,BTC,3577.24,3611.57,3523.34,3553.02,2039.5,7268650.49
2019-01-24,BTC,3553.02,3596.65,3528.54,3570.25,1189.5,4234595.46
2019-01-25,BTC,3570.25,3578.0,3510.0,3561.0,2499.51,8878335.74
2019-01-26,BTC,3561.0,3659.38,3540.12,3558.19,1176.79,4211645.01
2019-01-27,BTC,3558.19,3563.54,3472.94,3529.63,706.13,2489699.92
2019-01-28,BTC,3529.63,3535.18,3369.99,3429.7,4140.79,14214006.37
2019-01-29,BTC,3429.7,3437.93,3321.0,3395.49,4105.75,13930725.13
2019-01-30,BTC,3395.49,3459.5,3372.28,3436.11,3163.47,10840415.6
2019-01-31,BTC,3436.11,3472.0,3394.43,3412.1,2776.44,9495071.14
2019-02-01,BTC,3412.1,3458.18,3370.61,3441.87,2800.61,9580957.96
2019-02-02,BTC,3441.87,3484.99,3412.18,3469.06,691.13,2379749.27
2019-02-03,BTC,3469.06,3471.42,3390.0,3415.99,787.11,2695560.12
2019-02-04,BTC,3415.99,3435.0,3397.0,3411.47,1112.92,3801923.68
2019-02-05,BTC,3411.47,3430.0,3401.84,3429.98,1335.65,4569082.06
2019-02-06,BTC,3429.98,3445.22,3331.44,3366.83,2077.12,7000869.02
2019-02-07,BTC,3366.83,3380.0,3352.29,3359.99,1274.83,4288604.06
2019-02-08,BTC,3359.99,3711.26,3343.84,3622.59,5701.16,20153424.89
2019-02-09,BTC,3622.59,3638.94,3595.01,3624.11,1614.39,5836310.55
2019-02-10,BTC,3624.11,3655.04,3580.17,3647.21,987.24,3565812.48
2019-02-11,BTC,3647.21,3649.99,3578.01,3588.58,3356.7,12072097.28
2019-02-12,BTC,3588.58,3618.56,3550.1,3588.61,2852.03,10208314.61
2019-02-13,BTC,3588.61,3627.79,3561.22,3576.48,1831.34,6560232.65
2019-02-14,BTC,3576.48,3657.0,3537.0,3562.29,2558.17,9142540.86
2019-02-15,BTC,3562.29,3615.79,3544.95,3567.12,2981.09,10649544.93
2019-02-16,BTC,3567.12,3606.92,3567.12,3582.3,906.6,3252985.53
2019-02-17,BTC,3582.3,3675.87,3557.38,3626.7,1439.01,5181942.16
2019-02-18,BTC,3626.7,3912.51,3618.09,3866.99,3804.26,14375151.88
2019-02-19,BTC,3866.99,3971.46,3844.37,3892.03,3746.26,14627443.46
2019-02-20,BTC,3892.03,3966.67,3865.02,3941.16,3014.33,11805181.16
2019-02-21,BTC,3941.16,3987.0,3870.0,3901.59,2537.68,9925700.24
2019-02-22,BTC,3901.59,3954.99,3885.12,3946.56,1570.5,6174383.0
2019-02-23,BTC,3946.56,4153.01,3914.25,4110.99,2210.12,8914369.13
2019-02-24,BTC,4110.99,4186.99,3715.51,3732.48,5902.28,22906892.0
2019-02-25,BTC,3732.48,3859.17,3732.48,3820.26,2262.61,8602292.4
2019-02-26,BTC,3820.26,3828.12,3764.95,3799.99,1620.42,6147361.37
2019-02-27,BTC,3799.99,3820.28,3650.8,3800.0,3091.89,11629064.35
2019-02-28,BTC,3800.0,3912.16,3752.05,3791.49,3708.44,14179915.95
2019-03-01,BTC,3791.49,3843.78,3791.49,3808.12,1608.09,6142566.66
2019-03-02,BTC,3808.12,3818.31,3761.02,3812.45,584.96,2225132.76
2019-03-03,BTC,3812.45,3818.52,3761.95,3789.61,502.67,1908623.58
2019-03-04,BTC,3789.61,3805.46,3675.0,3700.82,1822.32,6788402.72
2019-03-05,BTC,3700.82,3876.59,3695.0,3845.73,2545.61,9666566.71
2019-03-06,BTC,3845.73,3893.29,3811.16,3850.46,2898.24,11133131.82
2019-03-07,BTC,3850.46,3889.72,3829.54,3855.26,1991.41,7693446.38
2019-03-08,BTC,3855.26,3910.0,3771.78,3842.0,2701.45,10468107.75
2019-03-09,BTC,3842.0,3947.88,3835.35,3917.49,847.81,3307557.71
2019-03-10,BTC,3917.49,3918.35,3870.0,3899.07,739.42,2880040.47
2019-03-11,BTC,3899.07,3910.46,3815.06,3851.15,1761.88,6790809.01
2019-03-12,BTC,3851.15,3876.22,3800.0,3862.12,2271.46,8733286.77
2019-03-13,BTC,3862.12,3869.99,3826.0,3850.96,2056.16,7919141.59
2019-03-14,BTC,3850.96,3900.0,3785.0,3855.87,2577.02,9903376.59
2019-03-15,BTC,3855.87,3907.11,3847.95,3901.0,2134.67,8300709.16
2019-03-16,BTC,3901.0,4037.02,3899.0,3990.0,1895.02,7539679.86
2019-03-17,BTC,3990.0,3992.42,3930.06,3965.45,517.09,2049556.87
2019-03-18,BTC,3965.45,4015.85,3936.36,3969.99,1951.98,7744117.58
2019-03-19,BTC,3969.99,4012.69,3951.66,4001.3,1790.84,7126346.95
2019-03-20,BTC,4001.3,4048.85,3963.72,4032.0,2515.81,10066510.2
2019-03-21,BTC,4032.0,4059.37,3915.09,3975.01,2725.24,10877458.98
2019-03-22,BTC,3975.01,3999.73,3963.88,3986.67,1001.2,3989559.9
2019-03-23,BTC,3986.67,4000.5,3961.01,3982.45,809.89,3227449.04
2019-03-24,BTC,3982.45,3982.45,3947.0,3971.53,668.72,2653311.12
2019-03-25,BTC,3971.53,4034.13,3858.55,3908.7,2396.13,9428641.17
2019-03-26,BTC,3908.7,3921.73,3882.92,3919.99,1515.98,5930417.49
2019-03-27,BTC,3919.99,4034.0,3914.95,4027.35,2482.16,9916749.35
2019-03-28,BTC,4027.35,4027.35,3995.0,4012.81,1368.83,5490203.9
2019-03-29,BTC,4012.81,4098.04,4007.71,4082.72,1721.0,6993892.12
2019-03-30,BTC,4082.72,4129.49,4037.28,4094.03,990.66,4046158.0
2019-03-31,BTC,4094.03,4102.91,4076.62,4095.01,498.51,2038822.54
2019-04-01,BTC,4095.01,4147.99,4052.49,4136.54,2280.26,9408272.18
2019-04-02,BTC,4136.54,5090.62,4131.25,4903.3,11731.41,55048636.68
2019-04-03,BTC,4903.3,5346.68,4800.0,4976.94,11038.1,55729580.72
2019-04-04,BTC,4976.94,5072.57,4782.47,4907.68,4002.33,19878417.97
2019-04-05,BTC,4907.68,5067.41,4887.05,5041.0,2898.13,14474678.58
2019-04-06,BTC,5041.0,5239.4,4892.5,5044.56,2390.58,12093844.29
2019-04-07,BTC,5044.56,5266.74,5029.23,5196.02,1510.27,7777657.09
2019-04-08,BTC,5196.02,5350.0,5132.26,5287.88,2766.25,14524197.92
2019-04-09,BTC,5287.88,5287.89,5147.16,5194.98,2775.27,14485148.38
2019-04-10,BTC,5194.98,5471.14,5166.42,5319.55,4036.77,21381284.54
2019-04-11,BTC,5319.55,5347.07,4970.51,5044.68,4747.9,24319016.22
2019-04-12,BTC,5044.68,5117.05,4903.64,5091.58,3367.28,16969147.62
2019-04-13,BTC,5091.58,5141.74,5038.09,5069.48,1543.17,7864420.45
2019-04-14,BTC,5069.48,5187.94,5017.0,5161.51,1475.51,7492355.75
2019-04-15,BTC,5161.51,5190.0,4950.0,5036.86,2159.21,10985361.14
2019-04-16,BTC,5036.86,5230.0,5022.84,5203.65,2112.45,10803162.22
2019-04-17,BTC,5203.65,5271.87,5177.37,5246.1,2396.04,12519648.79
2019-04-18,BTC,5246.1,5315.48,5226.96,5283.73,1658.46,8737964.94
2019-04-19,BTC,5283.73,5358.64,5197.38,5286.63,1345.75,7082655.26
2019-04-20,BTC,5286.63,5358.02,5265.78,5321.31,536.65,2852403.58
2019-04-21,BTC,5321.31,5342.23,5215.53,5296.26,754.94,3987312.14
2019-04-22,BTC,5296.26,5439.99,5256.77,5390.0,1605.17,8587378.49
2019-04-23,BTC,5390.0,5643.97,5366.89,5538.25,3211.67,17832484.4
2019-04-24,BTC,5538.25,5624.58,5376.53,5445.16,3427.55,18821335.83
2019-04-25,BTC,5445.16,5515.4,4976.13,5138.43,3794.34,19789652.85
2019-04-26,BTC,5138.43,5290.47,5046.15,5140.38,2655.37,13663191.88
2019-04-27,BTC,5140.38,5217.4,5119.47,5174.18,947.36,4896922.06
2019-04-28,BTC,5174.18,5213.66,5103.74,5157.02,562.51,2906203.15
2019-04-29,BTC,5157.02,5189.14,5071.48,5149.86,1127.6,5803458.66
2019-04-30,BTC,5149.86,5285.02,5133.08,5266.34,1713.74,8956863.33
2019-05-01,BTC,5266.34,5358.3,5266.34,5329.97,1333.42,7081712.62
2019-05-02,BTC,5329.97,5421.33,5306.95,5391.01,1714.31,9215150.95
2019-05-03,BTC,5391.01,5800.02,5365.2,5660.3,3157.7,17825555.95
2019-05-04,BTC,5660.3,5837.2,5511.01,5769.51,1980.52,11274205.0
2019-05-05,BTC,5769.51,5778.4,5630.63,5715.3,595.99,3404654.18
2019-05-06,BTC,5715.3,5758.31,5570.0,5686.65,1451.05,8225288.67
2019-05-07,BTC,5686.65,5969.51,5686.65,5745.0,2855.5,16703547.42
2019-05-08,BTC,5745.0,5989.98,5653.65,5935.1,1892.96,11041418.25
2019-05-09,BTC,5935.1,6170.33,5935.01,6146.18,2355.05,14242761.9
2019-05-10,BTC,6146.18,6427.25,6110.3,6378.01,3414.36,21471495.1
2019-05-11,BTC,6378.01,7445.45,6354.69,7227.75,5637.01,39089913.34
2019-05-12,BTC,7227.75,7578.83,6760.0,6976.25,9696.46,69215337.68
2019-05-13,BTC,6976.25,8170.0,6869.09,7822.67,8023.11,62026698.03
2019-05-14,BTC,7822.67,8342.0,7625.0,7995.48,5334.13,42471157.08
2019-05-15,BTC,7995.48,8299.5,7840.82,8198.47,3420.5,27667357.92
2019-05-16,BTC,8198.47,8380.0,7665.47,7881.38,3821.51,30539555.78
2019-05-17,BTC,7881.38,7941.51,6630.41,7361.92,8410.19,60482380.56
2019-05-18,BTC,7361.92,7488.21,7210.98,7262.52,1254.0,9211267.03
2019-05-19,BTC,7262.52,8304.56,7257.75,8192.44,2486.79,19707773.03
2019-05-20,BTC,8192.44,8198.02,7576.35,8003.97,3771.45,29874745.8
2019-05-21,BTC,8003.97,8111.32,7809.64,7954.49,1817.9,14456002.87
2019-05-22,BTC,7954.49,8044.08,7504.0,7620.0,2278.64,17802633.09
2019-05-23,BTC,7620.0,7983.03,7470.9,7879.92,1829.05,14142701.87
2019-05-24,BTC,7879.92,8180.0,7800.0,8004.36,1574.28,12636731.56
2019-05-25,BTC,8004.36,8149.5,7947.79,8074.87,710.61,5715577.55
2019-05-26,BTC,8074.87,8786.32,7891.47,8750.01,2687.87,22739403.12
2019-05-27,BTC,8750.01,8946.0,8629.02,8781.16,2344.39,20634713.19
2019-05-28,BTC,8781.16,8823.75,8550.0,8726.4,2265.02,19669909.45
2019-05-29,BTC,8726.4,8760.0,8431.15,8659.18,1898.49,16374194.94
2019-05-30,BTC,8659.18,9094.51,8000.0,8273.76,4602.24,39405604.11
2019-05-31,BTC,8273.76,8554.96,8114.72,8516.2,2416.2,20222979.67
2019-06-01,BTC,8516.2,8621.0,8458.34,8566.1,641.3,5483092.32
2019-06-02,BTC,8566.1,8831.69,8546.38,8745.75,505.65,4397819.2
2019-06-03,BTC,8745.75,8745.75,8030.32,8110.99,2748.44,23018359.18
2019-06-04,BTC,8110.99,8110.99,7440.83,7682.81,6700.56,52363586.43
2019-06-05,BTC,7682.81,7923.98,7570.65,7791.42,1914.1,14866239.17
2019-06-06,BTC,7791.42,7876.91,7450.0,7801.0,1396.41,10729066.54
2019-06-07,BTC,7801.0,8130.0,7766.0,8002.98,1726.06,13745563.26
2019-06-08,BTC,8002.98,8058.34,7787.78,7936.35,428.02,3387033.93
2019-06-09,BTC,7936.35,7962.68,7510.0,7643.46,586.97,4524910.5
2019-06-10,BTC,7643.46,8095.19,7525.67,8024.35,1339.71,10598733.14
2019-06-11,BTC,8024.35,8056.23,7710.12,7920.63,1084.97,8543584.1
2019-06-12,BTC,7920.63,8290.2,7826.63,8176.44,1842.96,14960297.53
2019-06-13,BTC,8176.44,8329.13,8048.33,8256.09,971.21,7973955.55
2019-06-14,BTC,8256.09,8729.17,8185.0,8699.71,1508.91,12721601.77
2019-06-15,BTC,8699.71,8911.6,8627.97,8853.3,920.94,8066115.81
2019-06-16,BTC,8853.3,9386.98,8800.04,8989.89,3091.45,28115796.41
2019-06-17,BTC,8989.89,9472.0,8977.38,9331.03,2980.05,27579721.71
2019-06-18,BTC,9331.03,9360.74,8930.45,9084.31,2560.82,23356172.21
2019-06-19,BTC,9084.31,9324.25,9039.34,9282.65,2017.16,18441752.37
2019-06-20,BTC,9282.65,9605.44,9211.96,9534.88,1988.86,18731396.88
2019-06-21,BTC,9534.88,10243.82,9532.61,10233.92,3004.88,29641395.42
2019-06-22,BTC,10233.92,11201.0,10085.83,10676.48,5157.34,55101511.44
2019-06-23,BTC,10676.48,11200.0,10490.0,10842.82,1833.2,19739732.25
2019-06-24,BTC,10842.82,11090.0,10531.2,11035.0,2015.97,21872075.9
2019-06-25,BTC,11035.0,11791.53,11000.48,11759.9,3011.26,34134572.62
2019-06-26,BTC,11759.9,13858.37,11454.8,12936.45,10928.35,138561002.61
2019-06-27,BTC,12936.45,13359.99,10299.0,11143.74,9062.65,104698562.75
2019-06-28,BTC,11143.74,12436.0,10738.17,12388.24,3871.68,45240001.55
2019-06-29,BTC,12388.24,12388.24,11200.0,11885.94,2819.35,33306314.31
2019-06-30,BTC,11885.94,12197.03,10642.07,10746.0,3327.58,37480404.66
2019-07-01,BTC,10746.0,11199.59,9960.0,10451.1,5301.52,55874250.19
2019-07-02,BTC,10451.1,10915.95,9653.0,10833.82,3877.44,40051728.82
2019-07-03,BTC,10833.82,12023.24,10833.82,11987.32,4604.8,52462719.44
2019-07-04,BTC,11987.32,12052.86,11040.0,11144.85,2539.09,29605721.52
2019-07-05,BTC,11144.85,11441.84,10760.1,10997.3,2095.27,23254456.66
2019-07-06,BTC,10997.3,11722.58,10993.85,11242.22,1148.1,13112321.16
2019-07-07,BTC,11242.22,11624.88,11086.72,11475.07,828.14,9408644.03
2019-07-08,BTC,11475.07,12400.0,11332.52,12307.13,2406.04,28739475.55
2019-07-09,BTC,12307.13,12832.83,12122.51,12570.42,3496.33,43658786.73
2019-07-10,BTC,12570.42,13186.9,11536.35,12097.34,6346.41,78559413.01
2019-07-11,BTC,12097.34,12097.34,10963.27,11320.13,4685.24,53939623.31
2019-07-12,BTC,11319.42,11947.85,11082.55,11776.4,1796.69,20810164.59
2019-07-13,BTC,11776.4,11847.0,10791.73,11374.76,2235.16,25120178.26
2019-07-14,BTC,11374.76,11458.2,10095.0,10200.8,2302.37,24473609.99
2019-07-15,BTC,10200.8,11088.44,9862.89,10850.0,3214.98,33424877.9
2019-07-16,BTC,10850.0,11030.0,9358.0,9429.05,5348.53,53519126.64
2019-07-17,BTC,9429.05,9981.23,9074.0,9703.58,3948.51,37629170.72
2019-07-18,BTC,9703.58,10795.01,9290.0,10647.85,4253.13,43129377.04
2019-07-19,BTC,10647.85,10762.5,10102.06,10535.46,2046.58,21366864.92
2019-07-20,BTC,10535.46,11122.83,10373.71,10753.17,2035.8,21875586.14
2019-07-21,BTC,10753.17,10827.08,10330.0,10590.0,1126.18,11910545.61
2019-07-22,BTC,10590.0,10700.0,10065.67,10326.64,2168.4,22425307.96
2019-07-23,BTC,10326.64,10327.38,9807.7,9842.72,2143.54,21508362.75
2019-07-24,BTC,9842.72,9911.76,9509.0,9770.17,2073.98,20106456.91
2019-07-25,BTC,9770.17,10183.37,9743.3,9910.54,1479.11,14804115.44
2019-07-26,BTC,9910.54,9945.23,9652.01,9851.02,1331.69,13024917.35
2019-07-27,BTC,9851.02,10240.45,9300.0,9478.3,2757.26,26618168.46
2019-07-28,BTC,9478.3,9635.45,9110.61,9523.42,1351.67,12754755.61
2019-07-29,BTC,9523.42,9720.0,9362.5,9504.23,1252.11,11909747.45
2019-07-30,BTC,9504.23,9794.65,9374.5,9599.07,1266.75,12190584.07
2019-07-31,BTC,9599.07,10130.58,9577.65,10079.54,1380.01,13705760.92
2019-08-01,BTC,10079.54,10490.86,9893.06,10409.99,1342.2,13656281.27
2019-08-02,BTC,10409.99,10677.32,10334.51,10528.81,2161.49,22710886.38
2019-08-03,BTC,10528.81,10922.41,10512.32,10817.34,1264.45,13578463.94
2019-08-04,BTC,10817.34,11085.34,10580.0,10975.0,948.33,10310198.9
2019-08-05,BTC,10975.0,11950.0,10975.0,11815.28,2362.19,27509110.08
2019-08-06,BTC,11815.28,12321.01,11205.72,11464.34,3586.66,42115688.5
2019-08-07,BTC,11464.34,12141.68,11390.14,11972.53,3583.16,42034544.56
2019-08-08,BTC,11972.53,12018.99,11468.19,11841.61,1226.61,14347239.78
2019-08-09,BTC,11843.87,11961.74,11653.87,11857.08,1530.48,18065379.11
2019-08-10,BTC,11857.08,11973.68,11175.0,11284.24,2708.47,30958227.19
2019-08-11,BTC,11284.24,11577.38,11091.75,11527.27,849.56,9624658.96
2019-08-12,BTC,11527.27,11550.99,11226.82,11381.51,828.44,9426214.53
2019-08-13,BTC,11381.51,11444.13,10750.0,10857.49,2259.65,24871234.47
2019-08-14,BTC,10857.49,10858.51,9896.53,10016.88,3454.39,35649467.85
2019-08-15,BTC,10016.88,10445.74,9477.52,10297.86,4401.98,43998639.29
2019-08-16,BTC,10297.86,10539.73,9739.58,10360.22,2266.37,22939856.93
2019-08-17,BTC,10360.22,10465.37,9981.77,10198.84,483.0,4935422.49
2019-08-18,BTC,10198.84,10508.93,10082.79,10317.97,637.52,6586778.6
2019-08-19,BTC,10317.97,10931.51,10279.9,10919.99,1580.24,16872487.03
2019-08-20,BTC,10919.99,10950.0,10560.15,10747.06,894.4,9615670.85
2019-08-21,BTC,10747.06,10806.64,9842.51,10132.44,3066.63,31211146.68
2019-08-22,BTC,10132.44,10230.57,9759.62,10164.82,1417.56,14128687.08
2019-08-23,BTC,10164.82,10477.0,10056.5,10408.14,1407.79,14574367.25
2019-08-24,BTC,10408.14,10433.49,9888.0,10151.83,1409.69,14191334.73
2019-08-25,BTC,10151.83,10370.71,9907.5,10135.59,1085.76,10955510.62
2019-08-26,BTC,10135.59,10662.57,10135.59,10367.23,2655.77,27655506.75
2019-08-27,BTC,10367.23,10379.19,10026.73,10175.8,1058.26,10754088.23
2019-08-28,BTC,10175.8,10290.69,9512.5,9726.85,3434.06,33607083.44
2019-08-29,BTC,9726.85,9726.85,9290.3,9488.28,1984.22,18806695.1
2019-08-30,BTC,9488.28,9696.3,9348.37,9581.96,1076.62,10276519.55
2019-08-31,BTC,9581.96,9699.0,9443.87,9604.43,375.44,3596661.49
2019-09-01,BTC,9604.43,9839.6,9543.86,9773.12,402.63,3891384.21
2019-09-02,BTC,9773.12,10480.47,9750.92,10392.28,1229.01,12458747.63
2019-09-03,BTC,10392.28,10775.31,10292.88,10625.2,1812.23,19192642.75
2019-09-04,BTC,10625.2,10830.0,10380.42,10584.13,1470.32,15567690.42
2019-09-05,BTC,10584.13,10656.52,10458.71,10600.0,808.18,8528024.37
2019-09-06,BTC,10600.0,10972.06,10185.68,10351.0,3250.89,34342501.52
2019-09-07,BTC,10351.0,10568.67,10330.0,10483.37,656.04,6842717.34
2019-09-08,BTC,10483.37,10593.92,10227.75,10406.94,477.84,4969512.09
2019-09-09,BTC,10406.94,10542.55,10067.5,10313.99,1323.33,13627271.9
2019-09-10,BTC,10313.99,10392.72,9925.0,10100.0,1143.71,11530517.16
2019-09-11,BTC,10100.0,10308.15,9866.43,10161.12,1137.39,11485136.14
2019-09-12,BTC,10161.12,10465.63,10033.92,10432.63,832.65,8561171.19
2019-09-13,BTC,10432.63,10454.48,10156.59,10359.27,833.16,8581848.02
2019-09-14,BTC,10359.27,10444.02,10232.04,10360.29,288.31,2986871.05
2019-09-15,BTC,10360.29,10386.6,10271.0,10314.68,322.41,3325590.24
2019-09-16,BTC,10314.68,10375.66,10087.5,10271.26,1159.35,11849977.22
2019-09-17,BTC,10271.26,10282.91,10139.73,10192.0,661.45,6760798.55
2019-09-18,BTC,10192.0,10262.52,9900.0,10162.8,1758.53,17848742.91
2019-09-19,BTC,10162.8,10385.31,9592.5,10239.97,2523.2,25233373.42
2019-09-20,BTC,10239.97,10274.9,10057.55,10168.86,925.3,9402772.44
2019-09-21,BTC,10168.86,10171.0,9922.51,9980.93,471.15,4721665.12
2019-09-22,BTC,9980.93,10091.19,9849.09,10031.31,326.62,3253066.48
2019-09-23,BTC,10031.31,10047.83,9615.75,9693.28,2114.59,20720560.84
2019-09-24,BTC,9693.28,9776.27,7991.18,8543.36,9639.39,83653880.08
2019-09-25,BTC,8543.36,8745.0,8221.21,8431.9,2894.52,24390800.24
2019-09-26,BTC,8431.9,8458.43,7718.0,8065.1,5752.48,46120162.04
2019-09-27,BTC,8065.1,8281.99,7860.0,8197.0,1713.69,13772810.94
2019-09-28,BTC,8197.0,8347.44,8022.5,8227.28,1064.94,8720080.65
2019-09-29,BTC,8227.28,8242.6,7906.15,8056.19,730.91,5862130.88
2019-09-30,BTC,8056.19,8368.45,7705.5,8301.76,2580.78,20925405.99
2019-10-01,BTC,8301.76,8531.25,8201.64,8330.62,1640.46,13721824.11
2019-10-02,BTC,8330.62,8395.0,8180.0,8384.51,1705.78,14097119.58
2019-10-03,BTC,8384.51,8411.2,8069.51,8206.45,1186.98,9736294.69
2019-10-04,BTC,8206.45,8239.63,8000.0,8157.3,864.02,7033721.77
2019-10-05,BTC,8157.3,8196.66,8028.88,8150.97,234.18,1900266.7
2019-10-06,BTC,8150.97,8169.73,7778.7,7860.01,999.06,7921427.26
2019-10-07,BTC,7860.01,8311.11,7774.02,8208.67,1115.02,9037861.33
2019-10-08,BTC,8208.67,8340.94,8110.31,8188.17,714.41,5859885.38
2019-10-09,BTC,8188.17,8707.38,8127.22,8592.01,1812.82,15354979.27
2019-10-10,BTC,8592.01,8655.0,8460.04,8589.51,887.29,7593516.5
2019-10-11,BTC,8589.51,8812.61,8213.25,8272.76,1648.89,13941841.59
2019-10-12,BTC,8272.76,8424.37,8262.87,8314.22,360.56,3017229.73
2019-10-13,BTC,8314.22,8470.0,8152.4,8275.99,635.28,5279965.57
2019-10-14,BTC,8275.99,8406.66,8220.39,8355.87,591.01,4919171.59
2019-10-15,BTC,8355.87,8410.13,8082.77,8162.95,1196.86,9826685.18
2019-10-16,BTC,8162.95,8179.1,7915.0,8002.22,1231.8,9880319.18
2019-10-17,BTC,8002.22,8120.6,7941.11,8074.43,715.7,5753027.72
2019-10-18,BTC,8074.43,8119.27,7815.1,7960.68,970.49,7717392.03
2019-10-19,BTC,7960.68,8102.63,7879.79,7960.0,487.22,3887996.69
2019-10-20,BTC,7960.0,8300.0,7882.29,8227.0,676.7,5468738.71
2019-10-21,BTC,8227.0,8356.21,8157.84,8212.76,796.1,6545773.85
2019-10-22,BTC,8212.76,8312.83,7996.19,8023.14,718.04,5864597.16
2019-10-23,BTC,8023.14,8052.46,7275.24,7468.81,4667.76,35233039.98
2019-10-24,BTC,7468.81,7511.99,7361.67,7458.57,745.11,5552194.26
2019-10-25,BTC,7458.57,8800.0,7400.0,8670.24,3851.34,31895226.15
2019-10-26,BTC,8670.24,10610.0,8650.02,9272.28,5472.87,52400060.06
2019-10-27,BTC,9272.28,9809.24,9112.86,9547.18,1686.99,16083311.03
2019-10-28,BTC,9547.18,9932.29,9188.19,9219.51,1584.48,15106793.72
2019-10-29,BTC,9219.51,9555.57,9072.5,9432.41,1593.23,14882285.98
2019-10-30,BTC,9432.41,9436.28,9001.71,9171.01,889.9,8170035.3
2019-10-31,BTC,9171.01,9426.18,8962.5,9154.0,1073.84,9843833.18
2019-11-01,BTC,9154.0,9299.99,9064.47,9246.88,895.77,8213720.19
2019-11-02,BTC,9246.88,9388.13,9206.91,9307.58,445.11,4144185.8
2019-11-03,BTC,9307.58,9386.45,9075.0,9200.0,333.42,3074478.09
2019-11-04,BTC,9200.0,9600.0,9135.0,9415.61,1016.03,9537908.52
2019-11-05,BTC,9415.61,9478.0,9177.0,9318.5,997.59,9298267.48
2019-11-06,BTC,9318.5,9445.38,9260.15,9350.07,740.79,6908137.55
2019-11-07,BTC,9350.07,9369.04,9084.95,9202.17,795.25,7332702.98
2019-11-08,BTC,9202.17,9250.0,8670.03,8768.14,1223.47,10869425.3
2019-11-09,BTC,8768.14,8877.36,8725.0,8809.33,306.34,2693884.73
2019-11-10,BTC,8809.33,9130.88,8749.02,9040.12,540.05,4851500.83
2019-11-11,BTC,9040.12,9065.58,8600.0,8721.54,613.48,5376110.37
2019-11-12,BTC,8721.54,8875.53,8561.12,8814.3,892.0,7779033.3
2019-11-13,BTC,8814.3,8834.98,8706.79,8761.75,580.97,5082929.45
2019-11-14,BTC,8761.75,8787.0,8562.83,8626.66,822.15,7108631.27
2019-11-15,BTC,8626.66,8774.0,8368.33,8457.18,1409.05,12026484.12
2019-11-16,BTC,8457.18,8526.08,8430.16,8479.81,245.23,2077802.63
2019-11-17,BTC,8479.81,8627.79,8382.61,8500.0,355.79,3032221.34
2019-11-18,BTC,8500.0,8500.0,8033.48,8174.11,1162.09,9632087.4
2019-11-19,BTC,8174.11,8198.73,8000.0,8120.8,874.03,7074189.1
2019-11-20,BTC,8120.8,8218.0,8028.05,8079.0,881.73,7141546.27
2019-11-21,BTC,8079.0,8117.35,7387.54,7615.0,2283.08,17488088.89
2019-11-22,BTC,7615.0,7718.29,6789.0,7286.95,3543.08,25436887.51
2019-11-23,BTC,7286.95,7349.22,7112.51,7329.11,756.68,5486332.26
2019-11-24,BTC,7329.11,7344.86,6862.28,6912.89,963.48,6826904.65
2019-11-25,BTC,6912.89,7376.9,6523.92,7121.7,2768.35,19207151.12
2019-11-26,BTC,7121.7,7338.99,7028.27,7162.9,1149.11,8193498.76
2019-11-27,BTC,7162.9,7669.56,6849.95,7520.11,1919.48,14108262.94
2019-11-28,BTC,7520.11,7651.63,7375.03,7430.53,752.33,5664293.82
2019-11-29,BTC,7430.53,7860.95,7414.79,7758.35,1033.52,7933376.34
2019-11-30,BTC,7758.35,7811.38,7463.0,7554.19,753.4,5782531.38
2019-12-01,BTC,7554.19,7554.19,7242.26,7400.18,495.03,3641236.96
2019-12-02,BTC,7400.18,7429.49,7170.01,7301.55,824.62,6016385.23
2019-12-03,BTC,7301.55,7413.27,7245.6,7301.37,865.63,6340876.72
2019-12-04,BTC,7301.37,7820.75,7091.59,7192.73,2190.23,16114965.49
2019-12-05,BTC,7192.73,7485.0,7160.75,7393.19,1172.91,8600567.95
2019-12-06,BTC,7393.19,7607.07,7305.0,7543.71,930.51,6942049.92
2019-12-07,BTC,7543.71,7636.39,7480.0,7500.0,478.54,3609680.26
2019-12-08,BTC,7500.0,7575.25,7392.54,7528.05,315.24,2362732.53
2019-12-09,BTC,7528.05,7652.0,7287.09,7340.21,991.53,7411846.4
2019-12-10,BTC,7340.21,7395.0,7167.5,7221.4,610.05,4437108.77
2019-12-11,BTC,7221.4,7267.84,7130.0,7200.5,729.61,5251599.7
2019-12-12,BTC,7200.5,7299.39,7082.93,7193.42,874.33,6291003.66
2019-12-13,BTC,7193.42,7297.6,7193.42,7250.14,599.86,4346965.97
2019-12-14,BTC,7250.14,7265.4,7010.01,7072.7,452.0,3233257.14
2019-12-15,BTC,7072.7,7212.02,7012.5,7120.14,285.77,2024435.01
2019-12-16,BTC,7120.14,7136.31,6822.0,6881.25,1329.75,9260472.14
2019-12-17,BTC,6881.25,6928.4,6560.04,6615.06,1636.84,11007100.47
2019-12-18,BTC,6615.06,7448.0,6435.38,7292.61,1763.11,12043135.95
2019-12-19,BTC,7292.61,7368.5,7052.5,7155.0,933.84,6685191.72
2019-12-20,BTC,7155.0,7218.0,7078.34,7186.87,621.19,4452286.0
2019-12-21,BTC,7186.87,7195.37,7116.08,7140.34,274.2,1960797.28
2019-12-22,BTC,7140.34,7522.01,7130.0,7513.12,606.5,4449423.21
2019-12-23,BTC,7513.12,7690.0,7270.0,7316.57,1247.09,9365450.38
2019-12-24,BTC,7316.57,7426.14,7162.5,7260.75,567.57,4131282.87
2019-12-25,BTC,7260.75,7266.0,7122.5,7192.6,237.44,1713235.57
2019-12-26,BTC,7192.6,7429.99,7155.0,7195.83,728.66,5310053.8
2019-12-27,BTC,7195.83,7253.38,7062.39,7241.66,1362.31,9818404.77
2019-12-28,BTC,7241.66,7349.24,7238.9,7300.7,436.65,3188539.11
2019-12-29,BTC,7300.7,7521.92,7276.4,7390.42,303.79,2240654.29
2019-12-30,BTC,7390.42,7390.42,7199.97,7216.27,709.34,5160001.84
2019-12-31,BTC,7216.27,7300.0,7115.02,7165.9,841.5,6048159.22
2020-01-01,BTC,7165.9,7231.65,7146.6,7175.2,776.64,5584370.48
2020-01-02,BTC,7175.2,7186.65,6901.02,6944.9,984.14,6908590.49
2020-01-03,BTC,6944.9,7398.0,6860.0,7333.0,1292.33,9328686.64
2020-01-04,BTC,7333.0,7394.4,7258.53,7352.82,402.64,2947287.05
2020-01-05,BTC,7352.82,7490.17,7313.53,7351.77,554.77,4120605.56
2020-01-06,BTC,7351.77,7807.94,7349.29,7762.72,1161.45,8810268.07
2020-01-07,BTC,7762.72,8210.0,7737.5,8158.5,1870.59,14877546.82
2020-01-08,BTC,8158.5,8463.0,7871.01,8042.02,1757.78,14377981.25
2020-01-09,BTC,8042.02,8042.02,7756.56,7820.01,951.8,7507310.78
2020-01-10,BTC,7820.01,8199.0,7676.0,8190.89,1055.63,8405485.17
2020-01-11,BTC,8190.89,8277.01,8000.0,8023.48,544.08,4422671.18
2020-01-12,BTC,8023.48,8180.0,7972.0,8173.14,275.33,2234783.5
2020-01-13,BTC,8173.14,8190.75,8000.0,8110.0,1628.33,13159389.65
2020-01-14,BTC,8110.0,8889.0,8110.0,8827.01,2641.58,22684492.1
2020-01-15,BTC,8827.01,8920.83,8561.12,8813.5,1143.86,10034845.8
2020-01-16,BTC,8813.5,8849.58,8580.06,8715.01,730.76,6341259.77
2020-01-17,BTC,8715.01,9007.18,8669.0,8900.45,1260.61,11186184.44
2020-01-18,BTC,8900.45,8971.0,8810.0,8907.78,338.8,3018534.1
2020-01-19,BTC,8907.78,9180.18,8477.51,8700.66,1709.86,15027214.79
2020-01-20,BTC,8700.66,8730.31,8510.02,8627.64,555.47,4794241.31
2020-01-21,BTC,8627.64,8776.25,8480.0,8716.76,886.98,7654716.37
2020-01-22,BTC,8716.76,8784.28,8575.01,8664.08,515.1,4462814.83
2020-01-23,BTC,8664.08,8673.13,8277.81,8391.37,1717.92,14392489.54
2020-01-24,BTC,8391.37,8513.35,8226.36,8425.18,787.26,6622343.74
2020-01-25,BTC,8425.18,8433.86,8260.0,8330.01,366.9,3054203.85
2020-01-26,BTC,8330.01,8592.06,8283.37,8583.74,464.09,3924863.77
2020-01-27,BTC,8583.74,8989.98,8560.04,8901.8,1177.0,10364365.34
2020-01-28,BTC,8901.8,9405.42,8890.72,9399.0,1527.09,13899514.34
2020-01-29,BTC,9399.0,9430.0,9227.79,9280.04,962.0,8986357.71
2020-01-30,BTC,9280.04,9565.22,9186.87,9497.68,1451.76,13645741.96
2020-01-31,BTC,9497.68,9525.01,9200.03,9330.55,974.05,9084855.53
2020-02-01,BTC,9330.55,9455.78,9290.7,9380.6,384.27,3603303.77
2020-02-02,BTC,9380.6,9468.43,9150.0,9321.0,521.89,4871810.24
2020-02-03,BTC,9321.0,9600.0,9225.0,9278.51,887.01,8285387.35
2020-02-04,BTC,9278.51,9339.0,9079.87,9167.01,816.29,7504286.96
2020-02-05,BTC,9167.01,9767.9,9150.1,9615.04,1350.33,12864879.35
2020-02-06,BTC,9615.04,9856.43,9520.12,9761.36,1347.4,13063514.35
2020-02-07,BTC,9761.36,9871.36,9720.59,9816.97,728.72,7128228.24
2020-02-08,BTC,9816.97,9947.24,9660.44,9912.53,578.62,5685906.99
2020-02-09,BTC,9912.53,10170.91,9884.3,10168.41,606.44,6097683.07
2020-02-10,BTC,10168.41,10200.0,9697.09,9860.08,1717.89,17049183.85
2020-02-11,BTC,9860.08,10390.94,9714.29,10269.46,1988.02,20055451.51
2020-02-12,BTC,10269.46,10487.46,10250.2,10352.74,1772.8,18375776.92
2020-02-13,BTC,10352.74,10517.2,10087.51,10245.39,1832.24,18903408.06
2020-02-14,BTC,10245.39,10400.37,10111.0,10372.74,1653.82,17023800.95
2020-02-15,BTC,10372.74,10397.0,9751.0,9903.34,1647.69,16553232.3
2020-02-16,BTC,9903.34,10049.39,9628.0,9933.8,869.75,8559305.77
2020-02-17,BTC,9933.8,9964.63,9477.53,9705.1,1157.83,11211314.1
2020-02-18,BTC,9705.1,10275.62,9600.0,10187.97,1410.35,14046572.53
2020-02-19,BTC,10187.97,10310.06,9290.73,9597.25,2049.34,20195696.52
2020-02-20,BTC,9597.25,9699.06,9390.0,9610.11,1309.63,12514712.94
2020-02-21,BTC,9610.11,9775.26,9575.01,9703.44,789.89,7655938.7
2020-02-22,BTC,9703.44,9728.57,9582.37,9675.67,319.65,3091800.94
2020-02-23,BTC,9675.67,10016.82,9673.43,9977.24,499.96,4948322.16
2020-02-24,BTC,9977.24,10025.0,9488.33,9665.85,1345.37,13054508.8
2020-02-25,BTC,9665.85,9680.92,9247.5,9311.4,1075.26,10129101.04
2020-02-26,BTC,9311.4,9371.49,8620.0,8780.08,2631.43,23586378.26
2020-02-27,BTC,8780.08,8973.9,8520.0,8809.86,2189.54,19296669.66
2020-02-28,BTC,8809.86,8899.56,8430.0,8704.88,1631.44,14087962.87
2020-02-29,BTC,8704.88,8804.14,8525.13,8525.13,368.96,3200291.36
2020-03-01,BTC,8525.13,8753.5,8410.01,8528.4,797.9,6818373.48
2020-03-02,BTC,8528.4,8970.26,8488.18,8912.92,1244.69,10920151.93
2020-03-03,BTC,8912.92,8921.42,8665.01,8751.88,910.91,7983225.26
2020-03-04,BTC,8751.88,8850.47,8670.0,8757.05,1271.66,11148191.41
2020-03-05,BTC,8757.05,9168.62,8755.24,9067.35,1800.57,16307189.87
2020-03-06,BTC,9067.35,9180.5,9012.02,9158.02,683.84,6223958.86
2020-03-07,BTC,9158.02,9225.0,8862.5,8902.65,659.62,5972639.97
2020-03-08,BTC,8902.65,8905.05,8000.02,8038.84,1824.4,15265287.87
2020-03-09,BTC,8038.84,8183.18,7310.0,7932.95,5179.97,40591741.79
2020-03-10,BTC,7932.95,8153.88,7705.0,7881.02,3513.34,27958201.88
2020-03-11,BTC,7881.02,8020.0,7590.62,7935.49,2011.15,15747210.23
2020-03-12,BTC,7935.49,7966.08,4600.0,4830.45,18359.23,110860932.23
2020-03-13,BTC,4830.45,6000.0,3901.25,5653.03,18950.63,96600762.02
2020-03-14,BTC,5653.03,5780.0,5051.95,5169.05,3360.1,18050549.01
2020-03-15,BTC,5169.05,5987.11,5091.43,5343.45,5471.53,29486778.47
2020-03-16,BTC,5343.45,5350.72,4428.83,5035.56,13639.45,66652878.27
2020-03-17,BTC,5035.56,5563.18,4929.59,5343.07,6392.89,33945915.86
2020-03-18,BTC,5343.07,5450.0,5019.72,5420.45,5301.15,27947785.08
2020-03-19,BTC,5420.45,6436.99,5270.0,6191.02,8994.38,53179189.55
2020-03-20,BTC,6191.02,6961.65,5660.77,6205.18,8626.14,55231382.35
2020-03-21,BTC,6205.18,6464.21,5863.67,6208.45,3239.75,19987972.41
2020-03-22,BTC,6208.45,6416.5,5748.14,5839.44,4005.85,24126014.49
2020-03-23,BTC,5839.44,6650.0,5689.92,6500.0,8255.2,51170869.57
2020-03-24,BTC,6500.0,6866.7,6405.0,6775.57,6957.49,46293922.63
2020-03-25,BTC,6775.57,6977.69,6471.08,6694.73,4931.72,32952771.61
2020-03-26,BTC,6694.73,6793.19,6530.01,6728.44,2182.88,14548179.67
2020-03-27,BTC,6728.44,6869.5,6268.5,6378.4,2571.11,17079624.31
2020-03-28,BTC,6378.4,6378.4,6038.09,6258.01,2087.45,12958586.63
2020-03-29,BTC,6258.01,6283.41,5873.93,5882.7,1827.65,11038076.3
2020-03-30,BTC,5882.7,6629.18,5857.41,6406.91,3108.1,19612581.42
2020-03-31,BTC,6406.91,6530.83,6341.25,6428.54,1459.01,9418155.0
2020-04-01,BTC,6428.54,6714.76,6156.47,6666.16,2759.23,17697565.17
2020-04-02,BTC,6666.16,7273.0,6579.69,6801.0,5345.3,36577028.28
2020-04-03,BTC,6801.0,7048.72,6609.47,6740.88,2881.24,19692803.68
2020-04-04,BTC,6740.88,7016.0,6658.68,6870.2,1671.2,11383223.34
2020-04-05,BTC,6870.2,6907.9,6678.6,6775.21,1275.49,8662210.8
2020-04-06,BTC,6775.21,7369.76,6771.01,7336.96,3727.47,26533750.17
2020-04-07,BTC,7336.96,7468.42,7078.0,7201.81,2333.34,17047120.32
2020-04-08,BTC,7201.81,7432.23,7152.8,7369.6,2483.6,18138080.27
2020-04-09,BTC,7369.6,7378.85,7115.04,7315.25,2237.13,16310014.53
2020-04-10,BTC,7315.25,7315.25,6755.0,6871.43,2581.37,17951960.22
2020-04-11,BTC,6871.43,6954.63,6775.0,6892.35,953.58,6550180.58
2020-04-12,BTC,6892.35,7203.19,6791.44,6906.09,1544.13,10852024.77
2020-04-13,BTC,6906.09,6906.09,6562.0,6864.09,3103.43,20926630.27
2020-04-14,BTC,6864.09,6987.94,6775.0,6875.92,1832.55,12619522.59
2020-04-15,BTC,6875.92,6936.12,6612.74,6626.5,2105.93,14275718.35
2020-04-16,BTC,6626.5,7219.34,6472.26,7120.46,5104.52,35478339.58
2020-04-17,BTC,7120.46,7159.64,7000.67,7036.26,1620.99,11456304.31
2020-04-18,BTC,7036.26,7303.13,7028.23,7265.74,1185.52,8535490.18
2020-04-19,BTC,7265.74,7278.74,7069.0,7136.4,819.22,5872712.93
2020-04-20,BTC,7136.4,7231.9,6757.15,6842.8,2550.02,17749970.98
2020-04-21,BTC,6842.8,6964.23,6763.24,6859.11,2456.75,16855209.8
2020-04-22,BTC,6859.11,7169.68,6832.47,7137.01,1736.35,12250717.47
2020-04-23,BTC,7137.01,7777.76,7033.93,7571.76,3388.03,25124272.44
2020-04-24,BTC,7571.76,7615.36,7395.25,7515.56,2137.66,16080307.35
2020-04-25,BTC,7515.56,7715.53,7451.0,7548.01,810.31,6137124.22
2020-04-26,BTC,7548.01,7712.75,7480.08,7700.5,910.91,6932443.56
2020-04-27,BTC,7700.5,7812.07,7637.17,7794.67,1638.52,12647966.54
2020-04-28,BTC,7794.67,7803.99,7675.55,7769.28,1523.08,11783608.87
2020-04-29,BTC,7769.28,8971.32,7720.0,8790.94,5691.07,48053412.77
2020-04-30,BTC,8790.94,9473.55,8411.0,8630.52,6254.4,55695333.6
2020-05-01,BTC,8630.52,9070.65,8620.76,8821.7,3229.82,28426872.2
2020-05-02,BTC,8821.7,9020.0,8761.17,8977.0,912.4,8129520.83
2020-05-03,BTC,8977.0,9205.85,8733.57,8902.11,1828.83,16434682.18
2020-05-04,BTC,8902.11,8975.52,8535.99,8885.2,2360.32,20763095.81
2020-05-05,BTC,8885.2,9122.68,8775.66,9023.6,2665.93,23848478.7
2020-05-06,BTC,9023.6,9415.0,8923.72,9154.57,3779.64,34812095.7
2020-05-07,BTC,9154.57,10080.0,9040.0,10004.04,5658.56,54592030.7
2020-05-08,BTC,10004.04,10050.31,9732.52,9805.6,4273.04,42390662.34
2020-05-09,BTC,9805.6,9923.24,9522.97,9540.89,1766.77,17157547.76
2020-05-10,BTC,9540.89,9563.38,8133.88,8726.71,6922.03,59930443.19
2020-05-11,BTC,8726.71,9176.2,8200.0,8571.5,6653.72,57765497.46
2020-05-12,BTC,8571.5,8983.6,8541.59,8822.66,2403.09,21166049.12
2020-05-13,BTC,8822.66,9416.89,8804.64,9311.58,2442.55,22223311.0
2020-05-14,BTC,9311.58,9950.0,9269.0,9783.61,3464.61,33424727.76
2020-05-15,BTC,9783.61,9783.61,9117.41,9314.16,3334.97,31511212.37
2020-05-16,BTC,9314.16,9583.75,9210.4,9390.23,889.55,8363084.52
2020-05-17,BTC,9390.23,9890.0,9333.0,9667.5,1272.02,12314399.84
2020-05-18,BTC,9667.5,9955.32,9452.5,9729.56,2015.25,19569496.42
2020-05-19,BTC,9729.56,9900.0,9467.86,9777.43,1988.72,19273331.69
2020-05-20,BTC,9777.43,9845.15,9302.03,9514.6,2340.19,22435557.89
2020-05-21,BTC,9514.6,9568.98,8802.0,9057.09,3078.05,28092409.37
2020-05-22,BTC,9057.09,9265.1,8927.52,9165.0,1346.56,12320153.66
2020-05-23,BTC,9165.0,9310.0,9091.94,9175.0,653.35,6017726.95
